USERNAME,PASSWORD,NAME
4513,hhs4513a,Aarti Sharma
5177,hhs5177a,Anubhav Singh
3981,hhs3981a,Archana Kapoor
4638,hhs4638a,Ashok Khanna
6843,hhs6843g,Ganesh Vikram
5546,hhs5546j,John Smith
4166,hhs4166j,Jones Alias
3991,hhs3991k,Karthikeya Rana
3578,hhs3578m,Mathew Jacob
5932,hhs5932m,Maya Dev
5555,hhs5555n,Neha Ann
4665,hhs4665r,Riya Sharma
3770,hhs3770s,Sanchit Kumar
3867,hhs3867s,Shreenanda V
5016,hhs5016s,Sonal Dutt
4361,hhs4361a,Aadhish K
4677,hhs4677a,Abraham David
4768,hhs4768a,Aditya Birla
4609,hhs4609a,Ahmed Iqbal
5395,hhs5395a,Anoop Pathak
5933,hhs5933e,Evaniya K
4101,hhs4101h,Harry Eastwood
5507,hhs5507h,Hritik Roshan
5033,hhs5033j,Jayden Shawn
4976,hhs4976j,Jennifer James
5207,hhs5207k,Kass Ann Mathew
4088,hhs4088k,Krish Rajeev
5996,hhs5996l,Lincoln Sam
5162,hhs5162m,Mandy Eaves
5132,hhs5132m,Michael David 
6781,hhs6781m,Muhammed Sayed
5376,hhs5376n,Nirmal John
6667,hhs6667n,Nura Khan
6444,hhs6444r,Ram Kumar
5398,hhs5398a,Aisha Bin Ali
4737,hhs4737b,Bella Paul
5699,hhs5699b,Benjamin F
6442,hhs6442c,Chloe Park
5147,hhs5147c,Christopher J
6210,hhs6210d,Daisy Thomas
6763,hhs6763e,Emma Rose
6526,hhs6526e,Ethan V K
4252,hhs4252f,Finn Ryder
4123,hhs4123g,Grace Ann
5413,hhs5413h,Henry Samuel
5428,hhs5428i,Isabelle Sam
4277,hhs4277j,Jack Daniel
5225,hhs5225j,Jacob S
6155,hhs6155j,Jessica Biju
6128,hhs6128k,Kayla Mathew
4083,hhs4083k,Kai Hope
